<?xml version="1.0" encoding="UTF-8"?><rss version="2.0"
	xmlns:content="http://purl.org/rss/1.0/modules/content/"
	xmlns:wfw="http://wellformedweb.org/CommentAPI/"
	xmlns:dc="http://purl.org/dc/elements/1.1/"
	xmlns:atom="http://www.w3.org/2005/Atom"
	xmlns:sy="http://purl.org/rss/1.0/modules/syndication/"
	xmlns:slash="http://purl.org/rss/1.0/modules/slash/"
	>

<channel>
	<title>Prodotti &#8211; ShoeCustom</title>
	<atom:link href="./index.html" rel="self" type="application/rss+xml" />
	<link>./../../index.html</link>
	<description></description>
	<lastBuildDate>Mon, 20 Mar 2023 15:46:48 +0000</lastBuildDate>
	<language>it-IT</language>
	<sy:updatePeriod>
	hourly	</sy:updatePeriod>
	<sy:updateFrequency>
	1	</sy:updateFrequency>
	<generator>https://wordpress.org/?v=6.1.1</generator>
	<item>
		<title>Air Force 1 Comics</title>
		<link>./../../prodotto/air-force-1-comics/index.html</link>
					<comments>./../../prodotto/air-force-1-comics/index.html#respond</comments>
		
		<dc:creator><![CDATA[Marco]]></dc:creator>
		<pubDate>Mon, 20 Mar 2023 15:43:57 +0000</pubDate>
				<guid isPermaLink="false">./../../index.html?post_type=product#038;p=68</guid>

					<description><![CDATA[Air Force 1 stile fumetto  sono l&#8217;incarnazione di un&#8217;icona urbana e pop art. Il design audace è caratterizzato da linee nitide e contorni marcati, simili a quelli di un fumetto. Il colore intenso delle scarpe è contrastato da dettagli in bianco e nero, che danno l&#8217;impressione di essere stati tratti da un disegno a mano.]]></description>
										<content:encoded><![CDATA[<p>Air Force 1 stile fumetto  sono l&#8217;incarnazione di un&#8217;icona urbana e pop art. Il design audace è caratterizzato da linee nitide e contorni marcati, simili a quelli di un fumetto. Il colore intenso delle scarpe è contrastato da dettagli in bianco e nero, che danno l&#8217;impressione di essere stati tratti da un disegno a mano.</p>
]]></content:encoded>
					
					<wfw:commentRss>./../../prodotto/air-force-1-comics/feed/index.html</wfw:commentRss>
			<slash:comments>0</slash:comments>
		
		
			</item>
		<item>
		<title>Air Force 1 Comisc Blue</title>
		<link>./../../prodotto/air-force-1-comisc-blue/index.html</link>
					<comments>./../../prodotto/air-force-1-comisc-blue/index.html#respond</comments>
		
		<dc:creator><![CDATA[Marco]]></dc:creator>
		<pubDate>Mon, 20 Mar 2023 15:42:24 +0000</pubDate>
				<guid isPermaLink="false">./../../index.html?post_type=product#038;p=67</guid>

					<description><![CDATA[Air Force 1 stile fumetto blu sono l&#8217;incarnazione di un&#8217;icona urbana e pop art. Il design audace è caratterizzato da linee nitide e contorni marcati, simili a quelli di un fumetto. Il colore blu intenso delle scarpe è contrastato da dettagli in bianco e nero, che danno l&#8217;impressione di essere stati tratti da un disegno [&#8230;]]]></description>
										<content:encoded><![CDATA[<p>Air Force 1 stile fumetto blu sono l&#8217;incarnazione di un&#8217;icona urbana e pop art. Il design audace è caratterizzato da linee nitide e contorni marcati, simili a quelli di un fumetto. Il colore blu intenso delle scarpe è contrastato da dettagli in bianco e nero, che danno l&#8217;impressione di essere stati tratti da un disegno a mano.</p>
]]></content:encoded>
					
					<wfw:commentRss>./../../prodotto/air-force-1-comisc-blue/feed/index.html</wfw:commentRss>
			<slash:comments>0</slash:comments>
		
		
			</item>
		<item>
		<title>Air force 1 white/purple</title>
		<link>./../../prodotto/air-force-1-white-purple/index.html</link>
					<comments>./../../prodotto/air-force-1-white-purple/index.html#respond</comments>
		
		<dc:creator><![CDATA[Marco]]></dc:creator>
		<pubDate>Mon, 20 Mar 2023 15:39:37 +0000</pubDate>
				<guid isPermaLink="false">./../../index.html?post_type=product#038;p=65</guid>

					<description><![CDATA[Air Force 1 bianche e viola sono il perfetto mix di eleganza e stile urbano. La base bianca delle scarpe è realizzata in pregiata pelle scamosciata, mentre le tonalità di viola sono presenti nei dettagli, come il logo Nike sulla linguetta e il motivo a righe sul tallone.]]></description>
										<content:encoded><![CDATA[<p>Air Force 1 bianche e viola sono il perfetto mix di eleganza e stile urbano. La base bianca delle scarpe è realizzata in pregiata pelle scamosciata, mentre le tonalità di viola sono presenti nei dettagli, come il logo Nike sulla linguetta e il motivo a righe sul tallone.</p>
]]></content:encoded>
					
					<wfw:commentRss>./../../prodotto/air-force-1-white-purple/feed/index.html</wfw:commentRss>
			<slash:comments>0</slash:comments>
		
		
			</item>
		<item>
		<title>Air force 1 custom black&#038;yellow</title>
		<link>./../../prodotto/air-force-1-custom-blackyellow/index.html</link>
					<comments>./../../prodotto/air-force-1-custom-blackyellow/index.html#respond</comments>
		
		<dc:creator><![CDATA[Marco]]></dc:creator>
		<pubDate>Mon, 20 Mar 2023 15:36:15 +0000</pubDate>
				<guid isPermaLink="false">./../../index.html?post_type=product#038;p=64</guid>

					<description><![CDATA[Le Air Force 1 personalizzate gialle e nere sono uno spettacolo per gli occhi! La tomaia in pelle gialla vibrante cattura subito l&#8217;attenzione, mentre i dettagli neri aggiungono un tocco di eleganza e raffinatezza. La suola bianca completa il look, creando un contrasto accattivante e un equilibrio perfetto di colori.]]></description>
										<content:encoded><![CDATA[<p>Le Air Force 1 personalizzate gialle e nere sono uno spettacolo per gli occhi! La tomaia in pelle gialla vibrante cattura subito l&#8217;attenzione, mentre i dettagli neri aggiungono un tocco di eleganza e raffinatezza. La suola bianca completa il look, creando un contrasto accattivante e un equilibrio perfetto di colori.</p>
]]></content:encoded>
					
					<wfw:commentRss>./../../prodotto/air-force-1-custom-blackyellow/feed/index.html</wfw:commentRss>
			<slash:comments>0</slash:comments>
		
		
			</item>
		<item>
		<title>Air Force 1 custom Comics Red</title>
		<link>./../../prodotto/air-force-1-custom-comics-red/index.html</link>
					<comments>./../../prodotto/air-force-1-custom-comics-red/index.html#respond</comments>
		
		<dc:creator><![CDATA[Marco]]></dc:creator>
		<pubDate>Mon, 20 Mar 2023 15:32:37 +0000</pubDate>
				<guid isPermaLink="false">./../../index.html?post_type=product#038;p=63</guid>

					<description><![CDATA[Air Force 1 stile fumetto rosse sono l&#8217;incarnazione di un&#8217;icona urbana e pop art. Il design audace è caratterizzato da linee nitide e contorni marcati, simili a quelli di un fumetto. Il colore rosso intenso delle scarpe è contrastato da dettagli in bianco e nero, che danno l&#8217;impressione di essere stati tratti da un disegno [&#8230;]]]></description>
										<content:encoded><![CDATA[<p>Air Force 1 stile fumetto rosse sono l&#8217;incarnazione di un&#8217;icona urbana e pop art. Il design audace è caratterizzato da linee nitide e contorni marcati, simili a quelli di un fumetto. Il colore rosso intenso delle scarpe è contrastato da dettagli in bianco e nero, che danno l&#8217;impressione di essere stati tratti da un disegno a mano.</p>
]]></content:encoded>
					
					<wfw:commentRss>./../../prodotto/air-force-1-custom-comics-red/feed/index.html</wfw:commentRss>
			<slash:comments>0</slash:comments>
		
		
			</item>
	</channel>
</rss>
